id,p_ship
51e9beaca.jpg,0.053763893
0a4d97295.jpg,0.41252103
c175e03b9.jpg,0.0073874807
8a56c9bdd.jpg,0.9994225
MicrosoftTeams-image (11).jpg,0.677